{"cameraMode":{"drawMode":0,"name":"Shaded","section":"Shading Mode"},"sceneLighting":true,"audioPlay":false,"sceneViewState":{"showFog":true,"showMaterialUpdate":true,"showSkybox":true,"showFlares":true,"showImageEffects":true,"showParticleSystems":true},"in2DMode":false,"pivot":{"x":0.3391304016113281,"y":0.452805757522583,"z":0.14142537117004395},"rotation":{"x":0.1402948647737503,"y":0.2710283398628235,"z":-0.039970606565475467,"w":0.9514712691307068},"size":2.247307300567627,"orthographic":false}